Player_ID,Matches,Innings,Runs,Batting_Average,Strike_Rate,Fours,Sixes,Wickets,Bowling_Average,Economy_Rate,Catches,Player_Performance_Score
P0001,48,46,59,27.0,141.3,6,1,8,42.4,7.8,15,30.0
P0002,38,37,1334,33.5,154.3,153,37,6,33.5,6.2,13,30.0
P0003,24,23,1509,52.2,134.5,136,52,9,32.2,5.6,12,39.4
P0004,17,15,50,41.8,119.1,3,1,7,30.9,6.6,6,30.0
P0005,30,27,1111,30.9,132.1,115,27,6,25.1,8.8,12,30.0
P0006,48,47,1633,41.2,121.6,101,76,5,28.8,7.7,16,32.7
P0007,28,28,50,48.6,122.8,4,1,10,23.3,8.0,14,30.0
P0008,32,29,179,44.3,132.4,14,5,8,28.6,8.1,9,30.0
P0009,20,19,407,36.5,120.7,46,7,10,15.0,6.8,6,30.0
P0010,20,19,1655,30.2,129.5,100,40,9,32.4,8.8,10,30.0
P0011,33,33,2171,42.3,100.9,202,115,10,28.0,6.8,9,47.7
P0012,45,45,50,39.5,138.8,5,1,9,26.3,8.8,12,30.0
P0013,49,47,3077,44.1,135.0,274,66,9,30.8,7.8,4,58.7
P0014,33,30,50,41.7,120.3,3,1,11,17.5,5.6,11,30.0
P0015,12,9,851,45.4,146.9,100,23,10,44.4,6.7,14,30.0
P0016,31,29,478,31.2,151.9,43,7,7,28.2,5.6,10,30.0
P0017,11,8,347,47.9,106.1,33,9,9,27.8,8.6,12,30.0
P0018,33,30,2635,37.8,121.3,195,96,9,21.3,7.4,10,50.7
P0019,39,36,50,54.7,121.2,4,1,2,29.2,5.2,12,30.0
P0020,47,44,50,29.8,118.1,4,1,11,40.1,7.8,16,30.0
P0021,11,8,171,51.6,149.9,11,5,9,37.3,6.9,12,30.0
P0022,30,30,2310,37.8,131.5,153,123,5,35.8,5.9,7,43.3
P0023,42,39,50,30.1,130.2,5,1,2,33.4,9.1,15,30.0
P0024,21,21,50,31.6,98.9,3,1,6,26.1,7.5,7,30.0
P0025,31,28,508,33.1,146.4,36,12,6,17.4,7.1,14,30.0
P0026,34,32,1977,39.8,112.7,178,65,6,27.4,7.0,8,35.6
P0027,36,35,3134,40.7,136.1,332,142,8,27.1,5.9,8,67.0
P0028,37,37,612,30.8,140.0,38,14,7,37.4,6.1,14,30.0
P0029,25,22,463,35.8,159.5,43,20,7,31.5,8.7,7,30.0
P0030,24,22,2619,55.3,111.4,175,41,6,41.9,6.9,10,46.0
P0031,12,11,50,51.5,90.0,3,1,8,38.6,7.4,15,30.0
P0032,46,46,1123,39.9,138.3,70,51,9,25.3,5.4,14,35.2
P0033,16,15,648,36.3,167.4,71,18,8,15.0,6.1,15,37.0
P0034,30,28,1504,37.1,157.3,100,56,7,40.1,8.0,8,31.3
P0035,18,18,366,41.5,138.8,22,8,12,39.9,7.8,10,30.0
P0036,48,47,1302,26.8,126.2,112,58,8,18.1,9.2,5,30.0
P0037,27,24,50,33.7,149.5,5,0,6,41.1,8.7,14,30.0
P0038,13,13,93,21.0,117.5,7,4,9,32.1,7.2,10,30.0
P0039,34,33,1899,39.6,143.6,161,43,7,30.3,7.9,7,36.9
P0040,23,21,50,41.8,144.1,3,2,8,41.9,7.1,10,30.0
P0041,18,16,536,31.7,154.1,46,15,9,39.8,9.5,16,30.0
P0042,35,35,2540,50.2,180.0,240,111,7,34.2,8.5,18,58.4
P0043,11,10,164,25.0,142.1,15,4,7,32.8,7.6,18,30.0
P0044,29,29,774,22.8,125.8,61,39,6,33.9,7.6,13,30.0
P0045,37,37,52,38.0,134.5,4,1,7,25.8,8.8,15,30.0
P0046,16,15,540,45.4,103.2,35,11,10,28.6,8.0,12,30.0
P0047,17,16,1317,51.2,122.5,108,45,10,21.8,9.0,11,37.8
P0048,44,41,1511,31.9,127.6,99,27,7,26.3,5.2,13,36.1
P0049,23,22,415,45.7,125.6,43,9,10,26.1,7.9,11,30.0
P0050,26,24,1047,35.7,137.7,123,55,6,23.9,6.9,7,30.0
P0051,45,45,2657,34.4,120.2,314,143,8,30.1,9.2,18,44.8
P0052,49,49,50,44.0,155.2,5,1,7,26.4,8.9,10,30.0
P0053,13,11,994,41.9,135.0,95,51,7,33.0,7.4,13,30.0
P0054,11,10,144,21.8,134.8,14,5,8,16.0,8.9,12,30.0
P0055,15,13,913,49.3,129.1,70,23,9,28.1,9.2,16,30.0
P0056,13,11,1170,48.4,137.8,114,50,9,30.1,7.5,9,32.2
P0057,38,35,50,30.4,149.9,4,2,10,26.5,9.9,8,30.0
P0058,27,25,287,39.6,119.4,25,15,7,27.6,7.4,10,30.0
P0059,35,35,1007,40.4,123.2,106,25,4,16.3,7.2,20,30.0
P0060,43,41,339,38.3,129.5,26,14,6,31.9,8.3,15,30.0
P0061,19,19,1613,31.0,110.8,127,27,7,34.2,7.0,11,30.0
P0062,45,45,193,30.0,120.3,22,3,6,32.9,7.5,7,30.0
P0063,23,23,365,35.8,126.4,23,5,10,37.3,8.8,11,30.0
P0064,40,39,2186,46.6,150.7,194,120,7,30.6,7.4,9,47.2
P0065,24,21,50,40.9,139.7,5,2,15,32.8,5.7,14,30.0
P0066,17,17,335,32.7,138.5,32,15,5,30.2,7.8,8,30.0
P0067,23,23,1301,42.9,150.3,120,46,5,34.5,6.7,13,38.9
P0068,32,31,310,15.0,132.5,23,8,6,16.4,8.3,7,30.0
P0069,49,49,2058,46.3,142.0,165,43,8,21.9,8.1,14,47.8
P0070,30,28,268,20.3,133.1,29,7,13,41.7,8.9,12,30.0
P0071,25,23,50,32.7,139.8,4,1,8,15.0,8.3,12,30.0
P0072,27,24,822,25.9,124.5,74,37,6,27.9,8.5,14,30.0
P0073,33,33,2213,24.3,91.1,146,80,13,38.4,6.7,12,30.0
P0074,35,34,1608,46.4,132.6,98,29,5,28.3,8.2,16,37.3
P0075,34,32,1246,31.8,160.6,146,19,7,25.8,9.4,9,30.0
P0076,50,49,3244,39.1,151.7,268,61,6,30.0,6.7,10,60.4
P0077,38,37,50,35.6,152.4,4,1,6,26.2,9.2,10,30.0
P0078,24,22,2395,40.3,157.3,155,125,7,29.2,6.9,4,53.2
P0079,10,9,397,36.7,136.6,40,16,8,23.5,6.5,10,30.0
P0080,34,32,2059,24.5,138.6,238,96,6,37.9,7.7,6,30.0
P0081,16,15,180,45.0,123.9,17,6,9,40.4,8.1,12,30.0
P0082,18,16,1422,31.6,129.3,96,41,7,27.9,8.3,18,30.7
P0083,33,33,1288,22.0,146.1,122,24,6,17.9,6.4,9,35.4
P0084,10,7,349,32.1,156.7,36,17,6,24.8,7.8,12,30.0
P0085,17,15,916,49.5,132.5,77,42,6,27.5,6.7,11,33.0
P0086,33,31,1016,43.7,126.9,114,22,5,33.0,5.9,18,30.0
P0087,20,17,1229,32.9,135.0,121,43,7,20.9,6.5,12,30.0
P0088,26,24,899,32.9,145.8,102,31,4,22.8,6.6,8,30.0
P0089,17,15,50,33.1,109.0,4,2,12,33.1,7.9,10,30.0
P0090,44,43,50,54.7,93.7,3,2,6,36.5,8.6,15,30.0
P0091,44,41,1316,39.4,125.1,103,50,10,24.0,5.9,9,36.9
P0092,42,42,2193,39.9,113.0,158,80,4,18.3,7.8,13,48.1
P0093,14,12,512,45.3,125.9,58,8,8,55.0,6.2,11,30.0
P0094,48,45,3809,38.1,132.3,402,66,2,35.3,8.0,13,60.3
P0095,50,49,50,33.7,126.8,5,1,6,26.9,6.8,13,30.0
P0096,37,37,1448,34.2,161.1,113,23,9,36.0,6.3,15,30.0
P0097,16,13,50,35.4,140.9,3,2,6,28.0,8.2,10,30.0
P0098,18,18,1129,35.7,140.4,118,49,10,35.9,6.8,9,30.0
P0099,17,17,655,42.5,146.2,57,13,6,30.3,7.1,12,30.0
P0100,21,21,1087,36.5,114.5,79,52,8,29.7,5.2,7,30.0
P0101,43,41,237,42.6,153.7,22,5,3,28.1,8.3,17,30.0
P0102,42,40,3216,35.3,133.6,200,86,5,17.4,8.2,13,63.5
P0103,32,31,2323,36.7,147.1,184,57,11,44.5,7.4,7,36.4
P0104,33,32,912,18.0,115.7,80,27,9,21.5,5.9,12,30.0
P0105,46,43,1656,44.2,107.0,114,41,7,18.1,8.6,11,37.6
P0106,44,43,2657,39.1,149.7,316,91,8,27.3,6.7,9,58.0
P0107,49,49,646,45.0,141.8,46,20,4,21.3,6.9,9,30.0
P0108,31,31,862,15.0,118.8,58,46,12,28.6,9.7,12,30.0
P0109,36,34,4936,54.8,119.3,356,85,11,34.5,6.7,9,88.4
P0110,44,44,3165,34.7,155.3,335,65,6,37.0,8.1,9,51.4
P0111,10,7,87,46.0,113.6,7,1,9,35.5,8.0,20,30.0
P0112,44,44,1595,26.6,164.6,149,63,14,26.6,7.8,11,33.3
P0113,46,46,50,41.5,118.8,3,0,8,29.4,7.7,14,30.0
P0114,23,20,833,26.5,146.5,51,40,8,32.3,7.8,17,30.0
P0115,12,11,484,30.4,129.1,41,17,6,15.0,7.7,12,30.0
P0116,10,9,50,53.2,145.9,5,1,8,33.6,7.3,19,30.0
P0117,14,11,50,34.3,125.2,5,1,6,17.3,8.9,17,30.0
P0118,35,33,897,38.0,132.1,58,19,11,45.3,6.1,15,30.0
P0119,23,23,704,43.8,135.7,64,16,5,25.8,8.4,24,30.0
P0120,48,45,50,40.5,117.0,5,1,12,27.5,8.2,7,30.0
P0121,36,36,1867,37.4,148.3,155,72,9,22.8,8.1,11,47.6
P0122,18,16,786,39.3,125.8,86,18,11,24.0,8.5,10,30.0
P0123,24,24,1114,57.6,130.9,75,21,6,47.2,7.3,9,30.0
P0124,24,21,181,35.5,117.1,21,9,9,36.5,5.5,5,30.0
P0125,35,35,2711,37.8,90.0,284,43,9,16.6,7.3,15,53.7
P0126,22,21,2534,45.5,131.6,295,119,9,41.0,6.4,9,48.2
P0127,41,39,925,45.9,178.4,93,43,9,38.5,6.7,6,30.0
P0128,48,46,832,46.7,149.1,68,22,7,26.8,6.2,14,31.7
P0129,41,39,2427,41.7,134.7,282,49,5,31.5,6.9,10,50.3
P0130,13,10,165,25.7,130.3,12,3,2,28.9,6.8,13,30.0
P0131,39,37,1614,50.7,135.4,129,69,9,44.8,5.0,10,35.6
P0132,46,45,2010,25.7,144.8,205,81,6,22.6,8.1,19,38.8
P0133,32,29,50,38.7,113.7,5,2,7,30.2,9.6,10,30.0
P0134,48,47,3182,29.2,155.1,368,167,4,25.6,8.0,12,59.6
P0135,24,24,911,35.4,147.9,65,38,9,17.5,7.2,10,30.0
P0136,38,38,871,39.0,147.9,93,18,8,46.5,7.3,13,30.0
P0137,45,45,1593,38.9,142.9,166,39,10,19.5,7.0,7,45.3
P0138,22,22,842,39.8,135.4,53,40,9,30.8,7.5,10,30.0
P0139,41,40,50,50.5,147.1,4,1,9,15.1,7.4,18,30.6
P0140,16,13,1300,40.1,145.7,100,23,2,25.8,6.6,12,33.8
P0141,31,28,985,33.8,128.6,77,42,6,32.4,9.1,12,30.0
P0142,37,35,2256,44.7,124.7,268,70,7,22.4,5.9,14,51.2
P0143,11,10,911,46.7,136.8,89,47,7,33.7,8.1,10,30.0
P0144,15,15,50,25.0,162.9,5,2,9,26.8,7.3,11,30.0
P0145,37,36,2194,41.4,112.7,260,40,6,38.3,9.3,14,33.1
P0146,37,35,1084,42.3,108.6,89,57,6,39.9,7.7,9,30.0
P0147,29,27,1661,33.3,138.0,179,42,10,24.3,7.0,15,38.0
P0148,39,38,50,48.4,135.9,4,1,10,29.6,7.2,11,30.0
P0149,20,19,593,34.6,138.1,66,18,12,30.5,7.4,12,30.0
P0150,37,36,530,37.1,139.4,37,9,8,34.0,6.3,9,30.0
P0151,34,31,1529,34.4,131.0,178,53,5,29.1,6.6,14,30.0
P0152,48,48,2550,36.1,161.8,186,50,8,30.5,5.6,11,55.7
P0153,42,41,313,26.1,106.2,24,9,8,27.1,6.5,13,30.0
P0154,10,9,59,23.0,120.1,6,1,8,29.9,7.5,22,30.0
P0155,36,35,1567,50.4,133.1,131,71,14,39.4,7.7,17,30.7
P0156,22,20,58,28.4,105.4,5,2,2,34.2,5.4,11,30.0
P0157,50,48,2394,27.1,131.8,207,50,7,34.6,7.3,11,42.1
P0158,12,9,94,16.6,164.9,9,2,7,34.8,8.0,13,30.0
P0159,48,48,50,30.2,135.4,3,1,5,27.8,7.2,14,30.0
P0160,15,12,180,24.1,139.2,11,3,7,31.6,6.8,11,30.0
P0161,17,17,50,50.8,112.3,3,2,8,20.3,7.0,12,30.0
P0162,36,34,50,45.1,123.9,4,2,8,39.2,6.9,12,30.0
P0163,18,16,50,29.8,128.2,3,1,12,15.0,6.8,14,30.0
P0164,46,44,2746,56.3,129.3,223,81,4,28.3,7.6,10,58.1
P0165,42,39,4071,44.8,158.1,341,78,6,38.1,9.7,13,72.6
P0166,33,32,1389,33.1,145.0,88,55,8,18.1,6.7,9,39.4
P0167,24,23,135,15.0,115.0,12,2,9,32.2,7.1,7,30.0
P0168,41,39,3214,56.6,139.4,363,174,6,23.6,7.3,14,68.8
P0169,41,40,508,23.5,144.0,35,23,11,26.0,6.7,16,30.0
P0170,33,32,207,21.2,155.5,19,6,6,36.6,8.5,11,30.0
P0171,50,47,50,45.2,163.4,4,1,9,30.6,5.0,11,30.0
P0172,21,21,50,58.0,116.7,4,2,12,15.0,6.9,17,30.0
P0173,48,46,1359,48.5,120.4,138,50,7,21.2,8.2,16,38.0
P0174,11,9,428,41.1,112.4,36,9,14,36.8,7.1,9,30.0
P0175,12,9,336,41.4,130.8,30,10,6,32.6,6.6,11,30.0
P0176,46,43,1096,43.7,143.4,66,53,9,43.0,7.8,11,30.0
P0177,26,25,58,42.8,152.8,5,2,8,42.5,8.3,5,30.0
P0178,11,9,557,38.5,133.6,55,22,10,26.3,7.6,15,30.0
P0179,11,11,50,36.9,129.2,3,2,9,49.0,6.6,14,30.0
P0180,37,34,2139,35.4,137.7,175,108,5,29.2,7.9,7,38.0
P0181,32,32,50,29.2,120.0,5,2,7,21.3,7.0,11,30.0
P0182,46,46,381,33.5,172.6,32,7,10,23.9,8.1,11,30.0
P0183,41,39,50,20.8,106.1,4,1,6,15.0,8.9,10,30.0
P0184,42,40,700,35.1,138.3,80,31,7,41.9,4.8,9,30.0
P0185,10,7,374,27.1,171.4,38,16,8,41.8,7.5,7,30.0
P0186,28,26,1027,26.1,135.1,97,40,6,20.9,5.7,18,30.0
P0187,11,9,669,37.6,131.6,72,14,5,27.2,9.8,18,30.0
P0188,35,33,2437,48.5,128.6,272,114,7,29.8,6.9,10,47.5
P0189,41,41,50,44.3,131.8,4,2,4,21.3,8.1,14,30.0
P0190,15,12,175,21.9,159.7,15,3,12,15.0,7.4,18,30.0
P0191,41,40,238,27.1,95.2,19,7,12,27.3,6.6,14,30.0
P0192,13,13,1347,44.5,162.6,158,29,9,26.4,6.5,8,36.0
P0193,20,18,50,27.2,109.4,5,1,7,25.9,9.0,12,30.0
P0194,26,26,1672,34.0,130.2,108,26,5,30.8,8.4,9,33.1
P0195,47,45,3488,41.0,127.3,389,108,5,40.4,9.3,11,54.7
P0196,33,31,2393,27.3,145.6,212,88,7,26.6,7.5,8,40.6
P0197,14,14,305,36.9,106.2,19,12,6,30.4,7.7,14,30.0
P0198,43,40,1643,24.0,143.3,152,68,7,34.8,7.1,13,30.0
P0199,15,13,1304,30.6,171.4,110,63,9,33.4,7.1,17,30.0
P0200,31,28,416,38.9,110.5,46,9,8,24.1,6.4,4,30.0
P0201,20,19,50,21.7,138.4,3,0,6,29.8,7.5,5,30.0
P0202,25,23,50,40.0,123.1,5,2,9,33.4,6.6,11,30.0
P0203,42,39,2392,35.8,142.7,223,50,8,20.0,7.8,8,46.7
P0204,18,15,50,41.0,135.3,3,2,5,39.1,7.6,10,30.0
P0205,15,14,334,38.0,123.5,39,16,9,40.5,7.7,11,30.0
P0206,25,22,1526,48.3,143.8,138,53,6,23.2,9.1,19,38.1
P0207,38,35,1540,37.1,167.5,119,83,8,30.5,7.4,7,40.8
P0208,12,11,503,32.1,131.6,44,9,6,34.1,8.2,12,30.0
P0209,29,27,1224,37.1,148.0,136,33,7,24.6,9.5,9,30.0
P0210,45,42,3913,40.9,111.7,306,158,8,32.9,8.7,18,67.5
P0211,28,25,50,36.4,117.8,3,1,5,30.3,8.6,15,30.0
P0212,35,32,375,36.4,143.5,25,19,8,17.3,7.1,7,30.0
P0213,12,12,80,29.7,161.7,6,1,5,32.7,7.6,13,30.0
P0214,28,27,1484,30.0,141.4,158,54,9,20.2,6.1,14,40.1
P0215,29,29,1288,23.4,129.4,113,49,11,36.5,7.9,7,30.0
P0216,41,40,3003,51.7,135.0,221,123,8,23.6,7.7,18,62.7
P0217,16,14,758,24.8,112.5,53,19,6,27.7,7.4,13,30.0
P0218,50,48,50,29.8,145.9,3,1,11,40.0,8.4,12,30.0
P0219,42,39,3072,29.5,150.9,357,149,7,33.0,6.2,10,55.6
P0220,49,48,5335,44.1,126.9,429,121,10,20.4,9.0,12,93.7
P0221,48,46,2662,33.3,126.5,317,127,8,20.9,8.3,12,51.1
P0222,27,26,3415,47.2,139.8,304,128,9,24.2,7.3,10,67.3
P0223,49,47,50,29.9,127.1,3,2,7,32.2,7.3,9,30.0
P0224,10,10,183,38.5,133.8,20,7,7,31.9,7.9,13,30.0
P0225,20,18,135,28.5,172.8,11,3,12,22.3,8.9,8,30.0
P0226,37,37,3522,55.3,130.6,361,132,3,19.7,7.5,16,74.3
P0227,34,32,50,25.3,128.5,5,2,6,31.3,7.5,18,30.0
P0228,32,29,1976,38.8,123.3,124,63,9,27.5,7.4,9,41.4
P0229,40,40,3954,41.7,148.4,260,212,8,46.3,9.2,11,60.3
P0230,39,37,2491,39.7,131.7,257,82,8,29.3,7.0,10,49.6
P0231,44,41,1807,34.3,123.3,138,37,7,43.5,7.4,9,30.0
P0232,16,16,50,34.8,158.8,3,1,9,19.6,8.9,14,30.0
P0233,25,22,122,36.4,160.6,7,6,11,16.4,7.5,7,30.0
P0234,35,34,2652,34.7,124.2,162,73,8,20.0,8.5,10,51.6
P0235,11,10,794,44.7,101.4,84,39,7,38.5,6.5,12,30.0
P0236,10,10,537,55.9,153.1,36,26,8,43.0,7.2,7,30.0
P0237,21,19,342,31.0,122.7,30,9,15,22.7,8.9,20,30.0
P0238,14,14,50,23.7,149.2,4,0,14,25.3,6.7,10,30.0
P0239,46,43,50,35.2,99.5,4,2,10,19.6,7.2,7,30.0
P0240,41,39,6723,59.2,151.1,414,184,6,15.0,7.7,13,100.0
P0241,18,17,50,28.8,113.2,5,2,13,34.7,6.4,12,30.0
P0242,50,48,2897,50.8,148.2,175,94,4,30.8,7.0,15,61.7
P0243,44,43,4410,51.1,135.3,466,151,4,29.1,7.5,9,83.4
P0244,28,26,50,31.0,117.8,5,2,7,17.8,7.4,8,30.0
P0245,25,23,1120,41.1,127.7,96,33,10,42.1,8.7,12,30.0
P0246,12,10,981,50.7,147.4,90,32,13,25.0,8.9,14,31.9
P0247,29,26,857,32.6,136.9,75,25,6,33.3,6.5,16,30.0
P0248,33,30,3965,34.2,145.5,330,117,10,17.4,7.5,16,79.1
P0249,42,42,50,30.8,170.6,5,1,5,27.5,8.1,8,30.0
P0250,33,33,1825,26.9,106.8,207,86,11,31.3,8.9,12,30.0
P0251,20,19,473,30.2,164.1,37,13,6,31.6,8.1,8,30.0
P0252,17,14,619,25.0,136.9,59,22,8,30.2,7.7,12,30.0
P0253,45,44,2302,36.3,118.8,266,96,4,33.0,8.1,16,35.1
P0254,47,47,364,29.1,111.1,42,9,8,20.0,8.1,11,30.0
P0255,49,48,2247,38.1,131.6,203,58,9,30.6,6.5,13,39.0
P0256,29,29,50,22.0,151.6,4,2,11,29.9,7.6,12,30.0
P0257,44,41,2562,39.0,132.7,196,112,8,30.9,8.9,17,39.9
P0258,34,32,1807,43.5,162.2,212,68,8,29.6,7.2,13,42.9
P0259,44,41,1213,18.1,108.9,83,49,9,18.8,7.5,10,30.0
P0260,34,33,2673,39.4,134.8,253,43,13,18.5,7.2,12,57.3
P0261,38,37,2380,47.0,112.5,183,94,10,15.0,5.1,8,63.8
P0262,27,24,691,25.1,141.5,53,24,9,35.5,7.4,10,30.0
P0263,27,24,145,51.1,151.0,12,5,8,35.6,7.7,10,30.0
P0264,11,11,125,39.8,127.4,14,3,7,35.7,6.9,14,30.0
P0265,44,43,2788,29.7,90.0,176,50,12,31.5,6.2,12,43.4
P0266,25,24,2075,35.5,138.6,196,47,2,15.0,6.5,14,47.6
P0267,50,47,1469,41.0,142.9,95,77,6,20.8,8.2,12,38.1
P0268,45,43,1649,36.7,142.3,114,51,6,30.4,9.4,16,37.2
P0269,42,41,159,40.8,157.2,13,5,6,30.1,8.8,20,30.0
P0270,13,11,662,27.7,115.7,59,11,13,27.2,6.1,15,30.0
P0271,42,39,2437,37.5,147.2,184,40,6,32.0,8.3,10,43.7
P0272,23,20,1369,23.3,156.5,108,59,6,29.1,6.7,8,30.0
P0273,30,30,127,35.0,103.0,8,4,9,30.0,6.8,16,30.0
P0274,29,28,485,27.9,140.8,37,17,8,23.9,6.9,8,30.0
P0275,17,15,542,29.4,125.9,63,13,14,36.9,8.1,8,30.0
P0276,16,16,1241,47.1,133.5,144,55,6,25.6,8.4,14,30.3
P0277,12,11,395,45.8,141.3,31,8,4,18.4,7.3,4,30.0
P0278,26,26,137,41.5,126.2,12,3,9,22.8,7.3,11,30.0
P0279,42,39,1920,26.2,122.8,219,64,7,26.2,7.9,18,36.4
P0280,21,20,1141,33.2,135.6,68,30,8,37.0,8.0,13,30.0
P0281,31,31,121,46.9,115.4,13,3,8,28.7,8.6,14,30.0
P0282,31,31,2721,37.3,115.5,318,111,10,27.5,6.1,13,57.1
P0283,39,37,4566,56.9,147.2,298,187,6,19.0,7.4,20,95.6
P0284,47,47,2107,39.5,114.3,146,101,4,35.3,6.3,12,36.3
P0285,47,46,1873,37.7,147.0,220,59,10,23.8,7.3,10,43.9
P0286,17,16,825,33.2,143.3,76,14,10,28.2,7.2,15,30.0
P0287,36,34,174,37.2,103.9,10,4,5,40.8,7.4,10,30.0
P0288,36,35,1248,34.6,122.8,94,67,7,33.1,6.6,17,30.4
P0289,43,40,50,42.4,156.5,4,1,8,16.0,5.9,16,30.0
P0290,30,29,2427,44.6,117.3,246,105,4,15.0,5.3,9,57.2
P0291,39,38,50,28.9,126.6,5,0,7,28.5,7.3,11,30.0
P0292,42,42,2525,24.0,143.3,302,90,12,19.3,7.0,6,59.6
P0293,37,37,482,19.5,149.1,37,7,8,34.2,6.7,12,30.0
P0294,42,41,1311,40.6,130.5,120,49,6,29.3,8.7,13,30.0
P0295,14,12,116,26.1,124.2,10,6,5,30.3,6.5,16,30.0
P0296,28,28,331,16.6,160.6,27,17,8,23.3,8.8,15,30.0
P0297,13,11,1050,39.5,166.3,73,38,9,42.9,9.0,8,30.0
P0298,44,43,50,58.4,152.6,5,1,4,51.7,5.4,8,30.0
P0299,26,25,2046,35.9,136.5,227,108,9,26.8,7.5,6,40.2
P0300,37,34,1981,43.5,120.5,178,83,6,31.8,7.0,10,39.7
P0301,39,39,50,36.7,120.1,4,0,11,29.8,4.5,14,30.0
P0302,38,37,50,35.1,144.4,3,1,9,26.9,6.0,10,30.0
P0303,15,12,1421,44.3,142.5,131,34,8,22.3,8.2,20,42.3
P0304,44,44,80,33.4,160.2,8,2,8,20.3,9.4,15,30.0
P0305,50,49,50,38.4,146.7,4,1,7,19.9,8.3,10,30.0
P0306,46,45,3740,38.9,107.9,446,143,7,32.2,7.7,14,64.8
P0307,33,33,1324,30.0,153.9,128,38,7,24.8,7.4,15,32.3
P0308,38,38,105,44.9,117.0,8,2,7,15.0,9.1,10,30.0
P0309,40,40,1675,34.4,128.1,178,58,12,32.6,9.5,13,30.0
P0310,44,43,50,29.2,139.5,3,2,11,28.7,6.8,17,30.0
P0311,42,41,3516,40.8,170.9,292,146,7,39.8,5.4,11,64.1
P0312,30,27,1553,27.9,180.0,125,44,4,32.0,5.3,11,36.8
P0313,41,39,2166,36.3,145.9,186,113,14,17.2,8.7,7,51.7
P0314,32,32,1565,35.9,131.7,167,80,10,15.0,7.4,10,43.6
P0315,42,41,5181,45.8,144.6,461,121,11,23.2,7.6,14,94.1
P0316,12,11,442,40.3,151.0,47,7,5,24.0,5.6,13,30.0
P0317,27,27,50,35.8,129.2,4,2,13,36.5,6.6,15,30.0
P0318,34,32,2011,43.4,167.3,161,96,8,28.9,7.1,8,44.1
P0319,40,40,5988,48.5,139.1,650,321,5,38.1,7.6,12,97.9
P0320,12,10,50,41.0,144.0,3,2,7,18.4,7.0,13,30.0
P0321,49,48,1106,36.1,147.0,81,43,8,36.7,6.4,12,30.0
P0322,33,31,1062,24.2,142.6,95,38,10,34.8,6.6,12,30.0
P0323,41,38,949,26.4,150.1,71,15,5,15.0,8.6,10,30.0
P0324,31,30,50,33.3,123.9,3,1,5,39.6,7.6,8,30.0
P0325,32,29,1877,30.5,125.0,185,62,4,29.7,8.0,18,30.0
P0326,11,11,1253,34.3,115.2,113,50,5,32.1,6.5,17,30.0
P0327,36,36,1572,36.5,142.9,136,58,12,22.1,4.5,12,47.9
P0328,11,11,50,40.8,149.0,5,2,2,39.2,6.9,11,30.0
P0329,35,33,50,35.4,143.2,4,1,7,19.5,6.5,19,30.0
P0330,26,25,1269,40.4,165.1,141,47,9,35.7,7.7,10,30.0
P0331,49,49,3771,36.6,134.9,257,69,9,35.6,10.5,11,57.2
P0332,42,42,1128,18.2,147.0,106,35,7,21.2,8.1,11,30.0
P0333,18,17,467,27.5,115.3,52,21,10,44.9,10.1,12,30.0
P0334,48,48,684,34.7,128.0,64,29,8,30.9,8.0,8,30.0
P0335,38,35,50,25.1,147.5,5,2,10,34.2,6.8,9,30.0
P0336,35,34,2582,41.4,150.3,212,67,10,16.8,7.7,18,65.8
P0337,44,43,4096,49.8,129.7,268,143,3,45.9,9.2,8,65.0
P0338,34,33,50,47.0,133.7,4,1,4,19.2,9.2,11,30.0
P0339,33,30,2647,34.1,107.7,221,86,7,37.2,6.8,11,47.2
P0340,22,21,1633,49.4,128.6,182,80,7,21.0,7.7,13,44.8
P0341,16,13,1164,37.3,151.0,86,49,8,24.0,6.0,6,30.0
P0342,45,44,50,33.0,145.4,5,2,4,35.3,8.2,9,30.0
P0343,29,27,50,30.5,144.0,5,1,9,37.2,9.0,10,30.0
P0344,10,10,283,33.3,135.9,21,14,13,18.8,7.4,14,30.0
P0345,17,15,732,32.5,135.1,59,12,8,37.7,6.7,16,30.0
P0346,25,25,2623,37.5,123.1,298,132,9,37.4,7.8,17,42.8
P0347,23,20,1277,37.4,147.6,150,35,10,21.5,7.8,11,34.5
P0348,21,19,518,36.0,142.6,44,14,5,41.8,7.5,7,30.0
P0349,32,31,50,39.9,143.9,3,1,6,17.3,7.6,10,30.0
P0350,24,24,2500,46.7,125.5,228,131,5,24.0,7.2,8,55.5
P0351,37,37,58,44.5,96.2,5,0,10,32.8,8.4,10,30.0
P0352,43,41,2439,22.6,154.7,186,70,7,22.2,8.1,10,46.5
P0353,11,8,85,15.0,126.4,8,4,9,31.1,6.4,9,30.0
P0354,41,39,4486,44.4,119.5,283,138,11,30.9,6.4,23,81.2
P0355,32,29,1153,23.7,147.5,72,26,7,27.5,7.1,12,30.0
P0356,31,28,821,34.0,127.9,68,26,8,35.7,8.1,16,30.0
P0357,34,34,416,25.5,154.1,33,12,9,27.2,7.5,11,30.0
P0358,31,29,378,19.8,146.1,29,19,9,30.9,6.8,11,30.0
P0359,31,29,1693,40.9,147.3,151,76,5,38.2,7.7,8,35.2
P0360,15,12,553,42.8,110.4,43,19,10,35.3,7.1,13,30.0
P0361,24,22,275,30.8,156.8,19,14,8,35.3,8.3,10,30.0
P0362,46,45,563,15.0,139.7,44,18,11,19.8,7.7,12,30.0
P0363,42,41,1374,31.1,128.4,162,23,8,33.2,7.1,14,30.0
P0364,17,15,50,39.5,137.6,4,1,5,22.0,7.6,16,30.0
P0365,14,12,397,22.7,103.0,34,12,9,18.7,8.7,9,30.0
P0366,48,45,50,37.7,142.4,4,1,9,28.4,6.8,17,30.0
P0367,13,12,50,35.9,116.5,5,2,9,21.8,7.8,11,30.0
P0368,15,14,50,41.2,110.7,3,2,5,35.3,7.3,13,30.0
P0369,41,41,50,37.1,107.6,5,1,10,35.5,7.8,18,30.0
P0370,39,36,50,27.2,155.0,5,1,10,15.0,6.7,15,30.0
P0371,44,44,598,46.8,123.7,57,26,9,22.4,7.5,10,30.0
P0372,49,48,4900,34.6,162.6,320,257,8,17.3,8.5,12,86.9
P0373,25,22,372,35.8,125.4,37,18,8,25.3,6.5,10,30.0
P0374,22,20,650,27.6,104.3,41,23,10,32.6,6.1,18,30.0
P0375,39,36,1613,32.0,114.9,154,74,10,27.1,6.1,7,30.0
P0376,28,26,824,28.0,157.2,86,30,3,24.3,6.2,13,30.0
P0377,26,24,762,34.4,132.2,55,28,14,39.4,8.0,13,30.0
P0378,28,25,50,51.4,125.1,5,0,11,15.0,6.0,17,30.0
P0379,37,35,2029,23.7,137.9,125,40,8,38.9,7.1,18,33.8
P0380,35,35,2110,21.5,144.0,233,76,8,24.6,8.0,14,44.1
P0381,46,45,50,49.2,155.1,4,1,8,28.4,7.8,15,30.0
P0382,35,33,50,34.1,161.1,3,0,9,24.8,7.0,10,30.0
P0383,32,32,690,30.0,128.5,46,30,12,41.3,7.6,8,30.0
P0384,18,16,50,45.4,111.1,5,0,13,19.2,7.5,10,30.0
P0385,21,20,920,30.5,127.6,59,35,11,29.1,7.2,11,30.0
P0386,10,10,142,52.4,139.7,10,5,7,33.2,7.2,6,30.0
P0387,10,9,1199,42.1,117.7,96,64,7,16.1,9.6,16,30.0
P0388,43,42,2908,31.6,117.8,282,99,5,21.6,8.2,15,46.4
P0389,41,41,2755,55.4,141.2,255,48,6,27.8,9.9,13,58.4
P0390,34,34,2105,30.5,134.1,142,78,3,21.9,6.9,10,41.9
P0391,49,49,4403,42.7,135.6,340,214,9,22.5,7.3,14,81.4
P0392,10,7,118,38.7,121.3,8,6,13,26.2,6.1,15,30.0
P0393,25,25,219,47.7,130.9,15,7,7,34.2,6.6,13,30.0
P0394,48,48,2590,50.1,118.4,219,72,7,26.3,9.3,15,51.1
P0395,14,14,945,36.3,151.0,96,48,11,37.6,6.9,8,30.0
P0396,31,31,1031,29.2,153.6,75,23,6,21.0,9.3,10,30.0
P0397,38,36,50,40.1,101.8,4,1,9,19.0,6.2,14,30.0
P0398,12,9,53,29.9,118.3,4,1,13,44.4,6.3,9,30.0
P0399,21,20,1002,54.1,108.1,118,16,11,23.7,7.1,12,31.2
P0400,35,35,1204,37.2,123.3,141,34,11,18.5,7.3,17,36.2
P0401,25,23,2236,32.7,133.5,241,57,8,15.1,8.3,14,48.7
P0402,46,44,50,37.7,108.9,3,2,12,37.6,7.9,5,30.0
P0403,31,29,1042,23.9,118.4,66,55,12,26.3,7.0,15,30.0
P0404,38,37,2510,27.3,116.9,198,64,15,27.0,7.3,13,46.2
P0405,23,23,3521,46.8,138.7,267,167,4,27.7,7.1,15,69.1
P0406,37,34,609,30.1,136.2,55,10,6,37.1,6.5,10,30.0
P0407,14,11,436,26.6,122.0,46,15,5,27.6,6.5,8,30.0
P0408,39,37,2371,40.8,138.2,264,42,8,47.8,8.4,8,36.8
P0409,14,13,725,46.7,125.2,80,37,10,30.1,5.6,14,30.0
P0410,21,20,765,42.5,130.1,62,34,7,37.5,9.0,11,30.0
P0411,25,24,1549,45.0,165.1,156,64,7,35.4,7.1,18,36.8
P0412,35,32,50,29.2,159.1,3,2,3,28.7,6.6,11,30.0
P0413,35,33,1287,23.2,111.6,81,52,10,24.3,8.1,8,30.0
P0414,30,30,1672,49.5,149.9,170,89,9,31.7,8.9,11,40.7
P0415,48,45,1157,33.1,149.6,70,50,8,33.1,8.5,12,30.0
P0416,45,43,4420,33.7,114.3,373,229,9,24.4,7.9,13,70.2
P0417,42,40,623,48.0,149.7,49,22,7,30.3,8.5,10,30.0
P0418,39,39,954,41.0,162.7,96,18,7,38.9,5.7,14,30.0
P0419,46,46,5518,40.1,114.8,584,199,10,45.6,6.9,12,85.4
P0420,32,32,298,55.5,118.5,23,5,6,35.8,6.5,11,30.0
P0421,19,18,244,30.2,153.3,26,9,6,43.9,8.6,17,30.0
P0422,14,14,529,44.4,139.9,41,18,8,24.0,7.0,23,30.0
P0423,45,43,2890,36.5,144.9,250,115,11,34.6,8.2,13,50.9
P0424,43,43,1995,38.4,141.1,206,30,8,39.7,7.9,12,35.5
P0425,40,38,50,49.8,142.0,5,1,11,21.8,6.5,14,30.0
P0426,19,16,303,40.6,111.1,36,10,8,25.1,6.8,9,30.0
P0427,28,27,433,40.8,153.9,31,22,10,42.9,8.7,14,30.0
P0428,41,38,1600,45.7,156.1,159,48,6,21.2,6.6,16,42.7
P0429,10,7,326,32.7,130.9,31,10,8,18.3,7.5,6,30.0
P0430,14,12,484,28.4,134.2,55,21,7,41.2,6.6,11,30.0
P0431,13,10,50,26.6,107.4,3,1,7,38.6,7.1,16,30.0
P0432,25,23,868,18.3,144.3,91,23,3,32.5,7.4,5,30.0
P0433,33,33,2252,54.5,145.3,211,70,11,28.6,6.6,4,53.6
P0434,25,25,1554,26.1,133.9,118,36,7,25.5,6.4,14,30.0
P0435,11,9,442,34.0,155.2,39,23,6,31.3,7.7,14,30.0
P0436,37,37,2605,33.5,129.0,208,52,11,41.6,6.6,9,41.0
P0437,41,40,2274,38.8,145.2,215,67,2,30.9,6.6,14,46.0
P0438,36,33,3355,43.3,116.6,380,53,7,46.3,6.5,10,58.4
P0439,29,28,1864,43.7,134.6,175,44,9,21.8,7.3,11,48.1
P0440,33,30,832,30.8,131.9,81,38,8,28.8,8.3,6,30.0
P0441,21,21,2370,34.5,139.1,215,54,12,26.0,8.9,10,46.1
P0442,44,43,3130,38.5,128.3,197,56,6,20.3,6.7,12,59.7
P0443,42,42,2231,33.8,132.6,165,75,13,27.8,9.6,11,44.3
P0444,42,39,50,50.5,149.9,4,0,11,32.3,6.4,18,30.0
P0445,46,44,50,40.4,127.1,3,0,12,33.2,8.5,12,30.0
P0446,21,19,1046,42.6,106.1,74,49,4,46.4,6.7,12,30.0
P0447,12,11,528,42.0,166.5,47,24,14,32.7,6.5,9,30.0
P0448,10,10,179,46.6,159.9,14,9,4,38.2,6.7,7,30.0
P0449,42,42,1803,37.6,111.7,136,88,12,29.5,7.3,15,37.1
P0450,49,48,3022,24.3,147.4,265,127,5,42.4,8.0,12,42.5
P0451,19,17,1141,39.6,125.9,77,19,6,48.2,8.1,12,30.0
P0452,38,35,50,30.1,139.7,5,2,12,33.2,6.5,11,30.0
P0453,22,21,582,31.2,140.3,65,28,9,21.1,6.4,12,30.0
P0454,21,18,144,41.3,130.8,14,6,10,24.6,6.5,14,30.0
P0455,40,38,1096,47.1,120.9,72,38,9,31.3,7.3,11,31.7
P0456,11,11,233,36.2,122.6,24,5,8,32.7,7.2,12,30.0
P0457,44,42,850,38.8,118.5,92,41,11,34.6,6.4,17,30.0
P0458,32,31,50,51.3,120.0,5,2,7,32.7,7.7,17,30.0
P0459,26,26,865,38.2,133.8,57,46,10,29.1,9.7,21,30.0
P0460,35,34,887,59.4,122.1,87,18,7,23.9,6.9,9,37.5
P0461,17,16,50,41.1,147.3,5,1,16,32.2,7.0,14,30.0
P0462,38,36,2214,20.2,161.8,209,51,7,43.8,8.0,17,32.0
P0463,35,34,3038,42.8,124.6,300,141,12,37.2,6.8,10,58.6
P0464,19,17,418,39.4,139.3,36,9,5,33.3,8.1,11,30.0
P0465,35,35,1697,47.6,144.0,155,29,7,37.2,6.7,15,36.5
P0466,43,41,50,42.1,143.5,3,2,11,26.0,9.2,14,30.0
P0467,50,50,4684,34.8,136.4,460,74,8,24.9,7.7,11,79.4
P0468,16,14,1013,25.0,148.4,65,49,11,23.0,6.8,10,30.0
P0469,13,10,394,34.1,143.7,33,11,6,28.0,6.8,9,30.0
P0470,20,17,975,28.3,112.7,75,47,9,25.6,6.9,12,30.0
P0471,38,37,1338,30.8,150.6,124,49,7,38.7,8.8,11,30.0
P0472,45,43,50,41.3,151.0,3,2,5,25.2,6.1,17,30.0
P0473,34,32,960,51.0,121.3,97,49,8,22.6,6.7,7,30.0
P0474,30,30,1343,39.6,135.7,144,20,4,44.5,6.8,12,30.0
P0475,45,44,605,25.2,147.3,42,10,4,25.4,7.4,13,30.0
P0476,19,17,531,40.0,131.2,35,13,4,30.2,7.1,15,30.0
P0477,46,45,1912,46.8,154.3,131,79,12,32.6,5.9,16,48.6
P0478,18,15,420,30.5,177.5,47,21,6,19.9,7.0,19,30.0
P0479,33,31,1134,34.8,120.9,103,37,9,38.9,7.3,12,30.0
P0480,44,42,50,36.1,110.1,4,1,8,34.1,6.8,9,30.0
P0481,44,43,352,28.9,140.5,23,7,4,41.5,8.1,13,30.0
P0482,45,43,50,41.8,148.0,4,2,10,23.6,8.3,13,30.0
P0483,27,26,1795,34.9,130.8,201,96,13,29.8,7.3,17,39.7
P0484,48,46,50,39.8,161.2,5,1,7,29.3,7.6,12,30.0
P0485,41,41,2473,28.0,110.9,241,86,6,31.1,5.2,10,35.9
P0486,33,32,2448,32.1,147.5,157,45,11,17.4,7.0,12,61.3
P0487,32,30,889,42.5,124.1,59,33,6,29.9,8.4,19,30.0
P0488,41,38,50,32.6,165.9,3,1,8,17.6,7.0,12,30.0
P0489,46,44,1448,51.5,170.9,109,30,6,31.9,6.7,9,40.3
P0490,21,18,545,32.4,121.2,37,17,13,15.0,9.7,18,30.0
P0491,22,19,50,38.0,125.1,3,1,7,15.0,9.2,16,30.0
P0492,32,32,688,44.4,150.5,57,24,5,35.5,7.9,10,30.0
P0493,34,33,1940,23.2,128.0,226,74,8,24.6,8.5,12,31.6
P0494,44,42,1409,20.2,134.2,136,21,5,21.1,5.2,14,30.0
P0495,50,50,83,22.3,135.5,9,3,12,39.2,6.6,8,30.0
P0496,39,37,50,47.4,100.4,5,2,11,31.6,6.9,11,30.0
P0497,26,23,480,31.0,134.8,32,14,11,36.0,7.2,9,30.0
P0498,29,28,1299,59.0,122.6,135,22,8,27.7,6.9,20,38.6
P0499,34,32,1480,30.9,126.1,113,66,5,50.4,4.8,15,30.0
P0500,31,29,507,37.7,161.0,49,26,9,24.2,7.8,10,30.0
P0501,22,19,1432,49.9,112.4,115,35,12,43.0,7.9,14,30.0
P0502,28,26,4125,54.1,149.6,494,115,14,28.5,9.0,14,84.0
P0503,45,43,4258,54.6,130.0,322,95,4,15.8,6.6,10,87.5
P0504,21,18,803,46.9,130.0,61,30,6,32.9,6.5,9,30.0
P0505,50,50,1846,45.2,149.2,213,39,11,31.5,4.7,7,46.7
P0506,28,25,664,41.3,141.1,40,19,9,20.6,7.1,12,30.0
P0507,21,21,1969,43.0,145.3,200,84,10,21.6,8.3,19,41.5
P0508,18,17,196,31.0,152.4,20,7,5,28.8,6.8,14,30.0
P0509,16,16,478,28.6,129.0,52,14,4,31.8,9.5,13,30.0
P0510,37,37,1399,36.0,124.0,165,44,5,15.0,7.1,13,36.6
P0511,23,22,377,34.5,115.5,44,14,8,37.4,7.5,8,30.0
P0512,40,40,50,31.9,120.1,3,0,12,25.0,6.0,14,30.0
P0513,28,25,1397,42.3,180.0,152,25,6,18.3,7.7,7,41.9
P0514,25,25,1046,44.6,157.4,103,52,16,36.5,5.4,9,39.7
P0515,14,13,717,36.8,110.7,70,12,5,28.8,8.1,18,30.0
P0516,44,41,942,49.3,111.2,63,40,7,38.7,8.1,9,30.0
P0517,21,20,1142,25.7,143.7,113,59,10,32.5,8.8,7,30.0
P0518,34,33,139,34.3,144.9,16,3,7,29.0,6.4,6,30.0
P0519,30,28,2243,29.5,144.9,257,66,10,27.8,7.6,10,45.0
P0520,45,43,50,19.2,130.4,4,1,6,32.9,8.0,12,30.0
P0521,32,31,1568,35.3,132.7,97,78,8,25.7,7.8,14,35.4
P0522,25,24,1235,34.9,140.9,100,65,10,22.2,6.5,10,39.5
P0523,48,47,476,49.6,136.5,52,21,5,33.9,5.0,10,30.0
P0524,48,46,2730,41.7,95.1,278,50,6,27.8,7.7,13,54.9
P0525,23,21,1282,26.8,130.9,112,53,10,29.3,7.2,20,30.0
P0526,40,40,50,52.7,119.7,3,1,3,37.7,6.8,9,30.0
P0527,14,14,988,47.0,138.2,84,33,1,28.1,8.2,9,30.0
P0528,44,43,50,41.2,180.0,4,0,5,29.1,7.4,15,30.0
P0529,32,29,50,34.0,141.6,5,1,14,24.2,6.1,14,30.0
P0530,38,35,2518,27.4,129.4,247,117,8,32.4,5.5,10,42.4
P0531,20,18,245,32.7,151.6,19,8,7,31.8,6.3,6,30.0
P0532,27,25,50,45.8,143.7,4,1,7,36.2,9.8,11,30.0
P0533,21,19,807,53.0,142.6,51,24,11,24.4,8.1,10,31.1
P0534,18,17,2601,49.9,145.9,307,127,8,25.3,7.6,12,63.2
P0535,19,16,50,31.6,172.0,4,2,2,35.3,7.2,13,30.0
P0536,26,26,50,25.9,114.6,4,1,14,31.0,7.2,11,30.0
P0537,47,46,4281,37.3,143.5,348,84,9,21.8,8.6,12,81.4
P0538,16,16,918,20.1,118.3,92,23,5,39.5,6.9,8,30.0
P0539,22,22,767,38.9,145.0,76,39,11,15.4,8.0,15,30.9
P0540,49,48,50,34.7,118.5,5,1,7,35.3,7.1,13,30.0
P0541,18,18,1772,31.8,127.5,134,64,6,18.9,9.3,10,34.9
P0542,36,33,1853,21.6,129.7,146,71,9,44.1,8.1,12,30.0
P0543,11,11,750,40.6,152.6,50,22,9,16.6,8.6,6,34.0
P0544,14,11,64,31.2,151.5,6,3,7,38.2,6.8,17,30.0
P0545,38,35,847,25.5,112.6,52,30,5,28.3,8.5,16,30.0
P0546,46,43,541,15.0,136.0,51,10,6,26.1,7.1,10,30.0
P0547,47,45,2141,35.8,122.2,240,43,7,30.5,7.5,11,37.2
P0548,28,28,3565,52.0,112.3,404,130,13,34.1,9.0,13,64.4
P0549,17,16,1532,51.0,131.1,133,80,7,21.8,6.4,6,40.7
P0550,10,9,50,31.9,129.4,4,1,8,22.5,7.6,4,30.0
P0551,31,31,2252,30.6,178.7,145,112,2,34.2,7.8,11,46.5
P0552,26,24,1267,40.2,142.8,127,57,8,15.3,7.9,14,39.5
P0553,16,14,638,27.0,110.2,69,15,4,24.3,6.9,10,30.0
P0554,34,31,2960,38.7,124.8,221,48,10,53.3,9.5,12,41.2
P0555,13,13,50,42.9,153.4,4,0,11,21.3,6.1,21,30.0
P0556,45,45,2041,47.0,172.6,225,90,7,38.2,8.9,14,39.2
P0557,15,14,230,35.1,106.5,25,5,11,24.3,8.6,11,30.0
P0558,40,40,50,34.2,101.2,3,1,10,33.1,9.3,7,30.0
P0559,28,26,983,28.1,168.7,91,34,11,34.2,5.8,10,30.0
P0560,48,48,4813,28.6,142.0,344,211,12,38.0,6.5,13,70.5
P0561,36,35,50,34.0,119.4,3,0,7,27.4,8.9,10,30.0
P0562,19,16,608,39.3,144.6,69,19,7,44.9,5.5,10,30.0
P0563,35,34,2466,44.2,90.0,269,84,8,24.3,5.8,12,44.7
P0564,28,27,872,28.8,135.1,92,31,10,30.9,6.9,8,30.0
P0565,48,45,1972,49.4,140.9,124,94,11,31.0,7.6,9,47.5
P0566,12,11,50,33.6,151.6,5,1,10,20.0,9.0,15,30.0
P0567,22,21,927,35.8,116.7,79,43,9,26.7,7.2,14,30.0
P0568,37,37,263,29.3,136.5,21,11,3,30.3,6.8,6,30.0
P0569,29,29,50,15.0,118.3,4,1,7,25.5,7.7,13,30.0
P0570,37,34,3279,44.0,139.6,214,140,3,48.5,7.9,17,47.8
P0571,17,17,1419,42.6,118.9,149,44,10,22.3,7.8,9,31.3
P0572,50,50,1759,33.5,127.7,167,36,7,38.4,7.2,14,31.7
P0573,48,47,2114,36.6,117.1,150,88,6,35.9,5.4,10,39.2
P0574,10,8,674,40.6,146.7,48,24,11,28.9,6.5,12,30.0
P0575,12,12,322,21.9,150.5,22,13,7,22.1,8.8,13,30.0
P0576,22,20,1189,31.2,130.8,75,33,12,22.9,7.6,9,30.0
P0577,37,37,1121,43.1,135.7,106,57,4,24.9,7.1,11,30.0
P0578,34,34,1942,24.7,108.9,214,74,8,15.0,8.5,18,37.4
P0579,42,39,1990,38.6,129.6,121,36,8,21.0,6.3,10,49.7
P0580,47,44,1249,23.8,134.1,78,41,4,17.1,7.2,11,32.8
P0581,15,12,50,40.2,180.0,4,2,11,39.8,7.5,11,30.0
P0582,41,39,1790,35.7,115.0,195,83,7,33.9,7.0,12,31.8
P0583,30,29,104,21.5,161.4,8,3,8,35.3,7.5,15,30.0
P0584,25,25,420,46.5,152.9,34,21,11,33.7,7.2,8,30.0
P0585,30,30,162,29.4,140.1,15,4,3,30.3,6.0,15,30.0
P0586,20,20,50,28.7,166.7,3,1,10,40.7,7.6,14,30.0
P0587,46,44,5197,37.8,141.7,320,264,11,24.1,6.1,9,91.3
P0588,45,42,4537,46.3,142.0,472,230,3,29.9,7.6,6,79.6
P0589,44,43,3372,26.9,134.0,328,143,10,35.0,8.8,9,56.5
P0590,28,26,50,36.6,157.0,4,2,9,18.4,7.1,12,30.0
P0591,29,26,1110,39.9,154.7,115,20,8,53.8,6.2,14,30.0
P0592,27,25,50,42.2,123.7,5,2,9,29.2,7.3,14,30.0
P0593,50,49,560,37.6,111.3,40,15,7,30.1,6.6,13,30.0
P0594,23,20,53,32.7,131.3,4,1,6,39.1,8.0,11,30.0
P0595,24,22,1406,28.6,120.6,94,34,10,36.3,7.3,19,30.0
P0596,40,39,865,36.8,133.9,58,27,12,29.3,9.1,17,30.0
P0597,10,10,545,26.4,157.3,54,13,8,30.0,8.6,10,30.0
P0598,12,11,264,15.0,126.8,29,7,9,17.0,7.2,13,30.0
P0599,25,25,3297,39.9,134.2,388,67,11,24.5,8.1,14,64.5
P0600,32,30,50,44.1,136.0,4,1,9,33.1,7.0,18,30.0
P0601,20,17,576,15.0,150.3,40,21,6,32.6,7.4,12,30.0
P0602,21,18,1039,26.9,94.6,68,33,8,38.8,7.0,13,30.0
P0603,19,17,50,41.6,124.1,5,1,6,28.0,8.2,10,30.0
P0604,41,38,4158,54.5,138.8,393,186,9,17.9,8.8,6,88.0
P0605,25,22,1063,36.2,156.6,103,53,7,37.5,8.2,21,30.0
P0606,17,17,386,29.4,126.1,41,17,7,40.5,8.3,13,30.0
P0607,47,45,272,34.4,101.2,27,7,6,36.2,8.3,14,30.0
P0608,21,20,271,48.4,146.2,29,12,9,27.7,8.0,10,30.0
P0609,33,33,3038,30.2,123.6,192,64,13,37.4,6.3,10,46.3
P0610,37,35,1008,28.8,113.6,105,20,5,55.0,9.1,16,30.0
P0611,17,17,959,31.7,123.8,106,27,2,29.9,9.2,5,30.0
P0612,37,36,206,27.4,131.7,15,9,5,18.5,7.2,9,30.0
P0613,45,44,359,37.1,124.1,35,8,6,24.3,7.0,15,30.0
P0614,35,33,3478,50.6,95.3,274,60,9,34.0,8.0,15,64.9
P0615,17,16,50,38.9,151.1,5,1,11,16.2,8.0,12,30.0
P0616,37,37,729,33.7,157.9,45,35,9,30.4,7.2,14,30.0
P0617,37,36,1242,33.4,146.7,117,50,5,32.0,6.1,18,31.4
P0618,46,46,1121,21.9,114.5,78,28,10,41.3,7.7,12,30.0
P0619,50,50,1803,43.9,131.4,185,67,5,39.5,8.0,6,30.0
P0620,45,44,2167,35.3,134.9,152,78,14,35.9,8.1,9,41.3
P0621,36,34,1978,34.4,145.8,146,81,5,15.0,7.7,9,44.1
P0622,26,23,2393,60.0,147.0,214,58,8,36.4,7.1,11,59.7
P0623,18,17,50,38.7,121.8,5,2,6,34.6,8.4,9,30.0
P0624,42,42,878,29.2,136.5,63,24,13,31.0,7.5,14,30.0
P0625,29,29,2047,32.2,143.2,140,87,8,15.2,6.9,11,47.0
P0626,22,21,1843,46.3,161.2,194,28,6,22.8,7.2,11,52.8
P0627,37,35,50,37.0,147.7,4,1,7,19.7,5.7,11,30.0
P0628,38,36,1121,23.1,149.2,128,32,5,15.0,7.2,4,30.0
P0629,22,22,50,44.3,136.5,3,1,11,29.0,8.1,11,30.0
P0630,44,44,1381,30.0,160.4,136,24,11,22.6,7.7,17,35.5
P0631,15,13,1991,52.9,142.4,147,92,9,50.0,8.9,10,31.8
P0632,27,24,57,45.7,119.5,3,1,5,27.6,7.1,18,30.0
P0633,14,13,68,32.0,160.3,6,2,11,39.4,7.9,12,30.0
P0634,34,34,2850,47.5,147.6,272,134,6,16.4,8.2,8,63.4
P0635,11,11,50,36.6,127.0,5,1,10,24.8,9.7,14,30.0
P0636,19,17,272,43.7,126.4,21,12,4,29.8,7.5,13,30.0
P0637,39,38,2448,40.4,140.3,212,101,7,21.7,6.4,11,52.1
P0638,14,12,124,28.4,143.3,10,3,11,25.6,8.2,12,30.0
P0639,42,41,946,30.2,138.6,112,44,10,27.3,9.3,5,30.0
P0640,10,9,710,45.3,140.6,55,19,7,27.1,7.1,12,30.0
P0641,27,26,1219,33.0,165.6,94,46,10,43.8,8.2,17,30.0
P0642,41,41,1681,32.4,154.3,136,75,8,32.0,8.6,15,33.9
P0643,20,17,307,27.4,138.4,28,9,3,32.8,8.4,13,30.0
P0644,30,28,1527,39.8,151.9,114,41,7,33.3,7.5,9,36.9
P0645,35,32,1529,54.6,116.4,175,51,6,33.9,6.7,9,36.4
P0646,34,32,1231,26.4,142.2,93,58,8,28.3,7.3,16,30.0
P0647,31,30,546,36.2,167.6,62,28,9,26.4,7.9,15,30.0
P0648,36,36,1433,48.7,131.1,94,52,10,30.3,8.3,13,38.9
P0649,22,19,50,35.3,119.7,4,2,12,38.3,7.7,14,30.0
P0650,42,42,1624,40.1,123.3,185,83,10,38.0,7.0,9,31.5
P0651,43,41,204,26.4,115.4,14,3,7,27.1,8.0,15,30.0
P0652,50,50,50,39.9,120.9,5,1,7,35.1,8.3,10,30.0
P0653,44,44,1900,34.3,128.3,165,82,13,27.4,7.8,16,36.1
P0654,10,7,380,44.9,109.7,44,18,8,29.3,6.6,10,30.0
P0655,30,29,2413,46.7,135.3,242,118,13,25.2,7.2,13,56.4
P0656,15,15,506,59.3,151.2,39,15,5,27.5,8.3,12,30.0
P0657,37,36,2089,41.2,118.7,148,38,7,39.7,6.0,15,37.2
P0658,26,24,1449,38.9,162.3,113,47,9,29.7,5.3,16,37.5
P0659,14,14,763,37.7,144.2,50,18,3,30.1,8.9,16,30.0
P0660,40,37,211,32.8,153.6,14,5,11,17.4,7.9,11,30.0
P0661,14,12,538,39.0,123.2,35,24,5,26.5,8.0,13,30.0
P0662,47,45,2046,33.3,150.4,174,36,6,27.1,6.3,5,41.8
P0663,12,9,340,37.5,115.3,36,16,8,22.4,8.1,13,30.0
P0664,32,32,50,47.9,151.0,3,1,4,29.2,7.7,12,30.0
P0665,46,46,1438,26.9,138.1,97,55,5,25.6,5.8,11,32.4
P0666,46,44,6538,46.3,145.0,644,121,15,29.6,8.8,15,100.0
P0667,19,19,581,47.9,113.8,41,16,4,30.0,7.6,9,30.0
P0668,19,18,171,34.9,118.9,11,3,5,21.4,7.0,16,30.0
P0669,28,25,580,16.9,145.8,40,31,14,25.8,7.0,13,30.0
P0670,26,25,1001,30.5,117.9,115,47,5,29.6,5.4,9,30.0
P0671,30,30,3136,47.7,143.3,342,104,12,38.5,8.0,17,58.3
P0672,23,21,50,35.8,110.4,4,1,13,31.1,7.7,11,30.0
P0673,18,15,701,27.0,150.3,69,36,5,23.7,7.2,12,30.0
P0674,10,10,500,31.5,112.8,46,14,6,32.2,8.7,10,30.0
P0675,22,22,822,43.6,144.9,82,17,8,42.7,6.0,14,30.0
P0676,13,11,602,40.9,146.3,60,22,8,36.3,6.8,16,30.0
P0677,10,8,549,33.8,122.5,53,28,6,33.4,6.5,16,30.0
P0678,49,48,2938,32.7,145.5,223,44,3,34.8,7.1,14,51.2
P0679,41,38,50,32.5,139.7,3,1,10,40.5,7.5,13,30.0
P0680,43,40,2016,27.7,125.3,176,105,6,37.6,7.8,11,30.0
P0681,37,35,1654,50.5,116.8,187,36,7,33.5,7.1,12,33.3
P0682,40,39,1384,33.1,99.7,130,27,4,37.5,6.5,10,30.0
P0683,17,14,705,47.0,141.3,77,26,7,20.3,9.1,10,30.0
P0684,48,46,1942,49.7,106.8,232,96,10,17.0,9.8,15,42.9
P0685,35,35,3450,45.0,136.7,240,117,4,30.3,7.5,13,62.5
P0686,43,40,1177,32.1,130.3,119,64,10,29.5,6.6,11,30.0
P0687,12,11,50,39.6,147.2,5,2,7,24.6,8.9,9,30.0
P0688,21,20,434,35.8,129.6,51,7,11,35.6,6.0,13,30.0
P0689,10,9,295,27.9,129.1,35,16,9,15.0,7.1,9,30.0
P0690,14,14,1214,38.9,148.2,122,38,7,24.7,6.7,15,38.0
P0691,39,36,1465,25.4,141.0,109,38,9,25.1,6.2,15,36.7
P0692,39,36,251,46.7,140.7,27,9,6,15.9,7.1,15,30.0
P0693,26,26,2883,31.8,143.4,191,78,8,41.0,6.5,11,45.6
P0694,32,29,1386,37.8,107.4,148,25,6,18.1,7.4,17,40.4
P0695,24,24,2105,38.5,148.6,241,31,8,24.3,7.4,11,48.9
P0696,46,46,1313,33.7,146.0,108,43,10,36.3,6.8,19,30.0
P0697,30,30,1898,41.3,116.7,185,92,9,34.2,7.0,10,40.7
P0698,23,22,1283,31.7,130.6,110,48,7,20.1,7.2,9,32.1
P0699,11,8,777,43.8,134.3,67,42,13,34.5,8.2,18,30.0
P0700,20,20,982,23.9,132.6,77,25,9,31.3,7.3,12,30.0
P0701,48,45,3128,37.1,141.0,330,82,10,47.7,8.2,11,50.5
P0702,47,46,1684,53.5,160.8,195,36,7,32.2,8.0,19,37.6
P0703,43,43,497,27.0,154.5,57,10,9,27.9,8.0,7,30.0
P0704,47,45,1793,29.9,111.4,126,47,7,22.1,8.8,15,36.9
P0705,43,42,3298,40.6,146.2,370,154,9,23.0,6.3,11,66.6
P0706,27,25,730,37.6,158.9,76,37,10,22.4,6.9,13,34.4
P0707,39,36,2911,39.2,142.0,218,157,6,40.0,9.2,10,50.3
P0708,24,21,2080,40.4,154.6,133,50,6,29.1,7.1,13,44.7
P0709,36,35,122,41.7,171.2,9,6,1,33.5,4.6,10,30.0
P0710,43,40,299,46.0,153.4,34,8,10,41.1,7.2,13,30.0
P0711,47,45,1535,39.7,139.5,150,29,5,15.0,7.5,18,49.8
P0712,42,42,1857,33.8,153.8,191,92,13,39.2,4.8,18,45.7
P0713,33,33,659,42.1,137.6,49,26,13,29.4,8.7,10,30.0
P0714,24,24,2997,53.1,135.4,309,64,11,32.5,6.7,7,60.9
P0715,39,38,1883,34.8,128.7,116,60,9,22.4,7.7,16,41.1
P0716,26,23,650,27.2,163.1,53,17,7,23.0,7.2,15,30.0
P0717,14,12,50,46.0,120.3,4,2,6,32.9,6.1,19,30.0
P0718,38,35,50,34.9,162.6,3,1,9,48.1,6.3,11,30.0
P0719,13,10,210,16.4,144.0,22,11,8,37.0,6.5,18,30.0
P0720,19,16,50,43.6,109.8,3,0,6,39.1,8.5,14,30.0
P0721,26,26,1631,31.2,141.6,161,47,10,27.5,7.3,9,37.2
P0722,19,17,503,35.2,97.2,42,17,9,24.2,6.9,13,30.0
P0723,26,24,3970,39.0,146.3,380,139,7,22.8,6.5,13,74.9
P0724,29,26,3243,37.7,150.9,215,89,10,25.1,8.6,17,68.0
P0725,33,33,1144,42.4,124.3,69,50,8,15.0,8.9,11,32.0
P0726,14,14,401,32.1,137.2,45,20,6,23.2,8.6,13,30.0
P0727,43,41,3323,40.6,170.2,253,174,7,24.5,7.9,18,66.9
P0728,15,15,1364,33.7,125.9,148,64,10,27.6,7.7,12,30.0
P0729,11,11,50,42.6,115.9,5,2,5,30.1,6.2,6,30.0
P0730,22,22,50,41.5,161.7,3,1,9,31.9,7.2,18,30.0
P0731,20,19,198,27.6,170.3,15,9,5,28.9,6.7,12,30.0
P0732,32,29,2100,45.8,135.1,209,56,8,24.3,5.6,13,51.0
P0733,25,23,1073,31.2,153.2,126,33,4,15.0,8.5,10,30.0
P0734,40,38,3403,43.3,159.1,391,94,7,24.4,6.7,8,71.1
P0735,20,19,50,39.3,121.6,4,1,5,21.2,8.6,8,30.0
P0736,25,22,50,52.5,126.3,5,1,16,32.7,8.3,10,30.0
P0737,17,15,947,34.0,157.2,64,50,2,36.3,8.0,9,30.0
P0738,13,13,73,32.9,165.3,8,2,8,36.5,8.0,6,30.0
P0739,49,47,50,35.8,145.1,5,0,9,35.1,6.8,14,30.0
P0740,13,13,495,33.3,119.2,34,17,11,27.9,9.3,13,30.0
P0741,34,33,2556,43.2,170.8,199,44,8,24.8,7.4,8,59.8
P0742,12,12,226,21.5,125.4,14,4,6,23.0,7.7,11,30.0
P0743,41,39,560,26.5,129.0,42,13,11,16.9,6.8,12,30.0
P0744,12,10,221,26.4,141.2,24,7,7,36.9,6.5,10,30.0
P0745,36,34,953,44.6,163.0,78,30,10,27.6,7.9,25,34.8
P0746,38,37,50,51.4,150.4,3,2,10,19.0,7.6,12,30.0
P0747,41,40,400,35.1,142.5,32,17,8,22.4,6.6,11,30.0
P0748,28,25,1311,34.5,143.3,155,42,7,22.1,6.0,8,33.8
P0749,30,28,1355,36.6,135.8,132,38,3,29.3,6.1,11,30.0
P0750,14,14,759,46.5,145.0,64,20,13,37.5,8.6,13,30.0
P0751,27,26,50,27.7,90.0,3,2,7,26.2,6.8,8,30.0
P0752,37,35,1092,38.1,129.7,130,18,7,15.0,7.1,16,30.0
P0753,31,29,50,44.8,139.3,5,0,12,27.5,8.9,16,30.0
P0754,30,29,1384,40.5,114.3,106,64,5,27.8,6.3,16,34.3
P0755,15,12,1098,37.7,142.0,70,37,7,27.2,6.7,10,30.2
P0756,10,9,50,45.0,131.3,3,1,7,24.0,6.6,15,30.0
P0757,14,13,80,15.0,166.6,5,1,6,30.7,9.0,23,30.0
P0758,50,50,2797,42.1,163.3,265,146,9,29.5,9.4,11,56.0
P0759,21,21,1424,30.1,126.6,164,70,6,28.8,8.2,13,30.0
P0760,35,32,344,19.5,132.3,30,14,7,32.3,8.2,11,30.0
P0761,43,41,512,40.6,133.7,56,17,11,25.6,6.8,5,30.0
P0762,23,22,50,48.4,126.9,4,1,10,25.1,9.3,11,30.0
P0763,35,32,1227,34.8,138.5,125,66,4,40.0,7.7,13,30.0
P0764,36,36,4881,44.6,121.4,507,261,11,33.5,8.3,9,76.2
P0765,18,17,1096,50.5,114.6,77,25,9,35.6,7.3,8,31.2
P0766,35,33,1543,47.8,146.2,126,73,11,38.8,7.1,13,35.0
P0767,31,31,2080,50.8,146.3,204,47,4,33.2,9.1,10,37.5
P0768,39,39,1646,42.7,120.5,105,38,7,36.4,7.9,10,30.0
P0769,26,26,178,36.7,151.1,14,7,7,16.4,8.9,16,30.0
P0770,35,32,1259,21.6,123.6,115,39,12,30.6,7.7,19,30.0
P0771,45,43,1780,33.8,139.6,213,93,7,27.5,6.6,9,42.7
P0772,10,9,260,28.4,149.8,23,4,14,42.4,6.8,11,30.0
P0773,17,14,50,55.5,134.4,5,1,7,36.4,7.5,11,30.0
P0774,44,41,3250,34.4,143.2,279,168,3,24.0,6.8,6,63.3
P0775,24,21,1297,37.1,125.7,139,66,9,32.0,6.3,13,30.5
P0776,31,31,567,41.0,131.5,54,12,13,30.3,8.6,21,30.0
P0777,23,21,1529,36.4,131.3,173,45,6,32.6,6.9,13,30.0
P0778,35,32,824,51.3,121.6,69,32,5,20.8,7.5,15,30.0
P0779,37,36,238,30.4,131.8,22,5,6,31.9,7.7,13,30.0
P0780,32,30,272,37.8,107.1,26,14,5,27.2,6.8,11,30.0
P0781,23,22,50,29.3,126.2,4,2,5,31.3,8.9,11,30.0
P0782,33,31,1100,24.1,129.9,75,23,6,23.2,6.3,7,30.0
P0783,11,10,50,30.5,130.4,3,0,15,24.3,7.7,7,30.0
P0784,35,35,50,35.7,130.7,3,0,7,38.4,7.6,12,30.0
P0785,23,20,50,32.1,133.9,5,2,9,20.6,7.3,13,30.0
P0786,16,15,408,29.8,143.6,30,9,10,21.2,6.1,14,30.0
P0787,12,10,198,23.3,150.7,14,6,10,28.6,8.3,10,30.0
P0788,32,29,688,35.3,123.3,71,22,7,22.8,8.1,14,30.0
P0789,27,24,50,22.5,113.3,3,1,9,21.9,6.7,19,30.0
P0790,47,45,50,42.8,116.2,4,0,6,29.8,8.1,15,30.0
P0791,44,43,2313,36.7,126.2,161,55,7,17.0,7.8,12,41.9
P0792,24,24,246,22.9,128.7,28,12,9,20.9,6.1,16,30.0
P0793,34,34,1486,33.2,121.1,165,76,7,45.4,6.5,10,30.0
P0794,46,45,150,29.2,111.7,16,6,5,32.7,8.5,11,30.0
P0795,37,34,1560,38.9,126.8,131,24,9,23.0,7.7,10,32.7
P0796,19,16,1771,48.1,138.3,187,49,5,32.3,6.8,16,37.1
P0797,48,45,1364,19.1,145.7,93,54,8,33.5,6.5,12,30.0
P0798,26,23,500,37.0,125.0,30,13,5,37.0,6.9,12,30.0
P0799,48,47,2042,34.6,127.6,124,104,12,28.0,7.0,6,43.5
P0800,31,28,893,42.0,118.3,85,36,6,36.8,6.6,11,30.0
P0801,35,33,1261,37.9,134.4,110,22,9,15.0,5.7,16,35.0
P0802,34,31,611,29.2,119.7,55,31,1,20.5,8.5,11,30.0
P0803,26,26,719,33.1,145.3,43,38,9,30.3,8.4,16,30.0
P0804,22,19,664,28.8,102.9,56,12,8,31.6,6.1,10,30.0
P0805,29,28,50,45.7,128.5,5,1,10,21.7,7.5,17,30.0
P0806,34,34,50,36.2,140.4,4,1,10,31.1,6.5,11,30.0
P0807,13,12,50,53.1,138.3,5,1,5,24.0,7.1,11,30.0
P0808,19,18,50,35.5,180.0,3,1,12,26.8,7.1,12,30.0
P0809,12,12,50,29.6,141.3,5,1,3,37.2,7.0,13,30.0
P0810,50,49,1271,22.4,116.9,121,67,6,36.3,9.4,11,30.0
P0811,27,26,55,19.8,133.3,3,1,6,21.0,7.0,19,30.0
P0812,45,42,1382,21.7,103.0,102,25,8,20.5,6.6,16,30.0
P0813,31,29,1152,38.4,133.5,112,45,4,25.7,6.6,7,30.5
P0814,43,42,50,40.6,120.0,5,1,8,28.8,8.4,22,30.0
P0815,17,16,576,21.8,151.5,48,28,7,23.7,5.7,17,30.0
P0816,49,48,3829,44.1,125.1,289,124,6,37.3,6.6,10,64.9
P0817,28,25,50,31.7,132.9,5,1,5,31.8,8.8,4,30.0
P0818,50,48,2544,37.3,123.6,254,57,12,32.2,7.6,5,45.6
P0819,46,46,333,50.5,166.3,28,15,14,18.9,7.6,13,42.5
P0820,15,12,580,44.1,129.2,51,14,10,38.3,9.5,11,30.0
P0821,35,32,50,33.6,168.0,3,2,7,15.0,7.6,14,30.0
P0822,43,41,50,28.0,149.7,4,1,3,35.7,6.7,7,30.0
P0823,15,13,133,16.6,143.7,10,3,4,36.5,7.1,9,30.0
P0824,46,43,1112,29.5,141.6,133,37,14,25.5,6.3,15,30.0
P0825,42,42,862,34.1,142.1,76,45,6,39.2,8.7,9,30.0
P0826,31,28,50,27.1,100.3,4,2,10,28.5,8.0,17,30.0
P0827,30,28,585,34.8,130.0,54,13,10,29.5,8.5,13,30.0
P0828,15,15,698,36.7,150.2,80,20,10,31.7,8.6,6,30.0
P0829,15,13,421,34.0,134.1,45,8,9,54.5,7.0,13,30.0
P0830,13,13,463,30.1,109.7,40,16,9,39.8,6.5,16,30.0
P0831,39,38,470,37.5,134.1,48,15,5,34.6,7.3,11,30.0
P0832,20,18,1562,40.0,165.7,148,79,8,21.7,6.5,11,44.6
P0833,39,37,50,26.2,157.4,4,2,6,30.1,7.6,9,30.0
P0834,40,37,2680,48.7,133.9,191,81,10,22.5,8.5,12,60.8
P0835,33,31,2374,35.1,152.1,208,82,11,35.6,7.2,9,48.6
P0836,18,16,857,36.2,128.4,64,43,9,30.1,7.5,12,30.0
P0837,12,11,371,42.4,104.3,42,17,8,20.0,7.3,16,30.0
P0838,40,38,682,38.1,118.4,54,10,9,29.6,8.2,14,30.0
P0839,49,48,4356,44.6,163.1,510,121,5,22.2,6.7,10,81.5
P0840,46,45,50,38.6,130.1,4,1,12,30.2,5.2,17,30.0
P0841,45,44,50,30.5,130.6,4,1,5,22.1,7.9,11,30.0
P0842,33,32,756,39.3,129.6,69,17,10,29.2,8.4,15,30.0
P0843,40,40,2300,25.7,169.3,155,37,9,35.0,7.8,12,38.2
P0844,15,12,612,37.0,164.3,50,24,14,28.6,6.8,12,30.0
P0845,11,11,50,35.7,174.9,3,1,11,25.9,6.3,11,30.0
P0846,29,27,635,34.1,132.1,61,10,10,30.6,7.9,7,30.0
P0847,37,37,497,34.8,140.3,43,12,14,34.6,7.5,7,30.0
P0848,20,20,110,19.1,107.7,11,5,10,20.1,7.3,15,30.0
P0849,13,11,676,31.1,161.6,49,33,8,31.1,9.2,16,30.0
P0850,24,22,50,36.8,114.0,3,1,7,39.5,6.5,20,30.0
P0851,15,13,1269,37.4,138.9,107,40,10,33.6,9.2,15,30.0
P0852,39,39,1907,26.8,115.2,220,103,6,29.5,7.4,20,34.0
P0853,47,47,4657,47.4,124.4,477,107,8,34.1,5.6,12,82.0
P0854,11,9,136,28.2,119.9,11,3,7,32.6,7.2,10,30.0
P0855,24,21,798,44.7,124.1,72,21,12,35.0,8.4,11,30.0
P0856,20,17,50,39.8,125.3,3,1,4,15.0,7.0,9,30.0
P0857,17,16,229,30.2,125.1,27,6,11,16.6,5.9,16,30.0
P0858,35,33,2562,52.0,150.0,256,131,10,37.0,7.2,10,61.7
P0859,14,13,753,25.3,115.1,58,29,8,17.0,6.5,11,30.0
P0860,15,12,50,44.3,139.0,4,1,8,32.2,7.9,17,30.0
P0861,35,34,970,45.0,156.9,64,50,13,26.2,8.2,10,34.9
P0862,13,11,279,30.0,125.8,32,4,11,21.0,6.3,12,30.0
P0863,28,26,50,48.5,122.1,3,1,9,31.8,6.7,16,30.0
P0864,29,27,1450,33.7,130.9,143,54,6,30.6,8.2,11,30.0
P0865,42,42,447,38.6,156.2,33,17,2,45.9,6.5,12,30.0
P0866,29,28,863,38.3,138.5,88,14,11,24.0,6.3,10,30.0
P0867,21,18,343,34.8,125.4,36,10,7,40.5,6.2,18,30.0
P0868,10,7,63,43.3,143.7,6,2,15,31.8,7.8,13,30.0
P0869,35,32,1370,43.1,115.2,132,58,6,23.7,7.7,8,31.5
P0870,23,23,365,20.3,147.3,41,14,8,35.4,6.7,13,30.0
P0871,47,47,1409,47.7,142.4,91,39,5,33.5,7.4,11,30.2
P0872,46,44,251,21.0,129.5,20,4,10,29.3,8.9,17,30.0
P0873,20,17,1016,45.3,119.9,76,32,5,31.1,6.4,8,30.0
P0874,45,45,5509,46.1,119.0,657,111,4,24.2,5.4,14,95.8
P0875,22,20,596,26.2,144.6,49,31,5,22.4,7.9,12,30.0
P0876,12,9,580,32.3,157.1,60,19,9,35.1,7.3,9,30.0
P0877,42,41,50,26.0,123.5,5,1,10,27.2,6.7,13,30.0
P0878,15,13,512,34.1,143.3,37,23,10,28.4,8.1,14,30.0
P0879,19,19,50,33.2,97.4,3,1,4,31.2,8.2,19,30.0
P0880,14,14,50,43.0,124.5,3,1,11,31.1,5.2,14,30.0
P0881,32,30,373,47.8,134.4,31,17,9,17.6,6.7,12,30.0
P0882,19,17,1809,48.6,118.6,133,89,6,39.3,9.7,12,32.0
P0883,11,11,663,30.9,118.1,40,27,12,30.0,8.0,17,30.0
P0884,22,21,890,34.1,123.0,100,15,8,27.4,8.1,12,30.0
P0885,49,46,50,20.8,140.3,5,1,7,32.4,8.6,11,30.0
P0886,11,10,231,28.7,131.6,18,10,5,30.9,7.4,12,30.0
P0887,29,27,1570,44.7,94.7,126,32,10,35.1,8.2,12,30.0
P0888,10,9,534,50.5,96.8,32,12,9,33.3,8.1,18,30.0
P0889,46,46,50,24.9,124.1,5,2,8,34.7,7.9,16,30.0
P0890,18,16,53,30.7,143.2,5,0,9,39.8,7.1,13,30.0
P0891,26,23,769,35.8,90.0,52,34,7,36.1,7.6,22,30.0
P0892,18,18,1065,38.5,126.0,74,36,2,27.7,6.8,17,30.0
P0893,20,20,50,28.7,125.5,5,1,4,20.0,7.4,9,30.0
P0894,24,21,700,39.8,160.0,67,10,7,42.3,6.2,10,30.0
P0895,33,30,1088,31.7,128.1,68,51,4,27.1,6.6,15,30.0
P0896,47,46,3051,35.9,141.9,297,89,6,25.2,7.1,16,59.9
P0897,44,42,2909,40.9,137.5,228,106,9,15.1,6.5,12,62.5
P0898,39,36,2054,36.1,96.6,168,86,4,31.7,6.9,9,32.8
P0899,40,37,237,32.1,148.8,25,10,10,30.2,7.2,18,30.0
P0900,14,12,50,35.0,138.9,5,2,7,16.9,7.8,12,30.0
P0901,23,20,427,35.2,144.1,35,15,11,32.6,8.3,9,30.0
P0902,20,17,1111,32.7,180.0,129,34,4,25.0,6.9,8,31.8
P0903,18,17,1370,33.7,97.5,115,72,16,50.5,8.7,17,30.0
P0904,43,43,3706,50.4,166.0,393,150,8,24.4,8.3,14,79.1
P0905,21,21,1232,41.0,129.8,109,33,5,25.5,7.9,6,30.0
P0906,44,44,2023,33.3,140.2,230,40,8,22.0,7.6,18,48.9
P0907,44,44,825,42.3,134.2,94,40,4,39.2,7.7,19,30.0
P0908,10,7,200,33.0,127.4,13,5,8,26.0,8.6,10,30.0
P0909,49,47,5840,46.6,124.7,678,241,9,23.2,8.6,15,100.0
P0910,31,29,65,39.3,140.9,7,2,9,34.7,8.7,17,30.0
P0911,38,37,3389,35.0,107.7,364,77,10,18.0,7.4,18,65.5
P0912,17,16,434,40.0,148.5,31,16,6,34.0,8.0,17,30.0
P0913,20,17,864,21.9,127.5,93,15,7,43.3,8.7,16,30.0
P0914,50,48,50,25.9,114.7,5,1,9,33.5,6.8,9,30.0
P0915,46,44,1762,25.3,126.9,136,64,7,34.1,7.1,16,30.0
P0916,23,23,225,37.3,157.6,26,7,11,36.0,7.4,9,30.0
P0917,39,36,50,51.6,125.4,3,2,2,42.7,8.3,16,30.0
P0918,44,41,2801,56.1,141.5,193,134,17,38.7,8.3,12,59.1
P0919,30,30,2516,41.7,121.8,232,115,12,32.5,7.2,15,51.6
P0920,46,43,270,40.5,148.6,25,4,8,36.2,5.9,11,30.0
P0921,14,11,50,19.8,147.3,4,1,3,21.9,7.6,15,30.0
P0922,28,27,762,31.1,168.3,46,27,9,35.2,6.5,12,30.0
P0923,23,21,554,28.9,131.8,65,29,9,21.0,5.9,14,30.0
P0924,35,32,1506,30.4,147.0,94,72,6,26.1,6.1,13,32.1
P0925,13,12,806,34.5,136.8,55,39,6,15.0,7.7,19,33.7
P0926,34,32,955,31.8,158.3,58,25,10,32.2,8.8,9,30.0
P0927,34,34,1765,18.2,122.1,165,56,3,23.8,7.4,11,30.0
P0928,27,26,1360,42.7,148.4,157,46,4,37.9,7.6,4,30.0
P0929,49,48,826,26.3,131.5,82,17,10,32.1,8.6,13,30.0
P0930,17,15,50,38.2,133.8,5,0,6,38.0,5.9,13,30.0
P0931,48,48,1934,54.7,136.7,117,102,12,20.3,7.9,10,59.1
P0932,49,48,883,27.7,139.5,81,21,9,37.3,7.4,6,30.0
P0933,23,20,588,15.0,132.9,51,14,9,45.8,8.0,15,30.0
P0934,41,38,1857,33.4,138.9,167,34,10,35.1,6.9,9,31.9
P0935,47,44,50,45.9,163.4,3,2,6,35.3,6.6,15,30.0
P0936,42,42,2640,53.6,152.7,266,100,9,30.4,7.5,10,64.0
P0937,32,31,1292,24.9,150.6,116,53,7,24.8,9.0,16,30.0
P0938,24,21,2148,40.5,126.8,227,110,12,35.1,8.3,19,42.6
P0939,42,42,2521,31.8,119.0,224,72,8,17.0,6.9,18,53.0
P0940,34,31,1913,35.0,152.2,131,76,10,25.7,6.1,14,45.1
P0941,26,24,1521,59.8,150.8,150,25,6,15.0,5.7,13,56.3
P0942,42,41,1279,22.5,161.5,89,28,11,23.4,8.7,10,30.0
P0943,11,10,861,38.3,124.1,96,41,7,34.1,6.4,7,30.0
P0944,23,23,50,40.2,130.9,4,2,6,33.0,7.1,10,30.0
P0945,49,49,1459,45.8,105.5,101,42,8,29.4,8.7,8,30.3
P0946,49,48,402,36.9,127.9,47,12,8,30.4,5.8,18,30.0
P0947,48,45,2406,38.8,152.9,219,87,8,15.0,8.9,16,54.0
P0948,15,12,869,32.5,126.6,55,13,9,26.0,7.1,14,30.0
P0949,15,13,201,38.4,146.5,19,4,6,23.5,6.3,14,30.0
P0950,12,9,50,32.9,131.6,3,1,12,23.7,7.2,15,30.0
P0951,16,16,391,41.6,140.8,42,9,5,33.8,6.7,11,30.0
P0952,17,17,1062,32.7,114.3,115,50,6,22.1,7.8,16,30.0
P0953,24,21,1272,39.4,136.5,151,33,9,24.2,6.8,11,40.9
P0954,38,38,1939,35.7,90.0,174,43,11,15.0,5.5,15,44.0
P0955,42,41,1361,46.1,131.6,118,47,13,26.6,7.2,15,38.0
P0956,39,38,50,35.5,105.7,5,2,6,20.3,6.0,8,30.0
P0957,48,45,1366,20.0,156.7,92,33,11,29.6,7.6,19,30.0
P0958,36,35,274,47.4,149.0,25,4,5,21.4,6.2,4,30.0
P0959,45,44,3901,27.8,143.4,361,114,7,29.8,6.9,13,64.2
P0960,38,36,1702,30.1,162.4,111,76,6,27.8,7.6,16,36.8
P0961,47,45,578,30.6,117.9,49,21,10,42.4,7.2,8,30.0
P0962,42,41,770,48.4,166.5,85,36,5,33.0,7.7,13,30.0
P0963,46,43,654,16.8,151.8,72,34,6,15.0,8.1,10,30.0
P0964,36,34,1551,60.0,130.7,102,72,8,18.9,6.2,12,52.1
P0965,42,42,4045,45.5,155.4,264,158,6,29.4,7.3,11,76.6
P0966,13,13,586,38.0,115.1,44,20,3,21.6,4.5,9,30.0
P0967,31,31,295,35.5,120.2,33,4,6,15.0,7.6,10,30.0
P0968,11,8,891,38.6,124.0,60,48,7,39.8,7.1,9,30.0
P0969,19,18,768,40.7,125.5,79,23,11,34.8,6.4,9,30.0
P0970,14,14,1035,41.8,116.0,68,21,7,33.2,7.7,12,30.0
P0971,19,16,257,41.0,157.0,25,10,9,24.1,8.6,15,30.0
P0972,42,40,2006,36.8,130.3,163,52,4,32.4,6.9,14,40.0
P0973,47,46,2064,34.2,141.3,221,79,7,23.4,6.5,11,48.1
P0974,22,20,50,34.6,124.7,3,1,9,30.6,7.6,20,30.0
P0975,40,37,3820,34.2,102.2,375,125,9,21.6,6.1,12,69.9
P0976,45,45,4762,46.2,139.9,353,230,6,41.1,6.7,13,81.0
P0977,33,33,822,41.3,100.6,84,21,6,16.4,8.6,13,30.0
P0978,24,21,50,15.0,133.8,5,1,7,38.9,7.5,16,30.0
P0979,38,38,2145,41.9,110.4,145,78,7,29.3,5.5,11,42.1
P0980,17,16,656,37.8,170.8,73,27,6,25.1,5.6,9,30.0
P0981,14,11,534,35.8,151.4,51,24,13,30.3,7.6,13,30.0
P0982,38,36,1394,32.5,136.9,94,42,6,34.9,8.3,13,30.0
P0983,13,10,694,46.1,157.7,59,28,7,39.9,5.8,10,30.0
P0984,21,20,2179,44.5,119.8,151,45,6,31.5,7.8,7,40.6
P0985,11,10,455,29.0,144.8,46,23,10,21.9,8.7,4,30.0
P0986,36,33,50,39.7,138.6,5,1,2,29.4,9.3,9,30.0
P0987,40,37,2382,27.3,139.8,158,105,5,43.5,7.7,9,30.0
P0988,45,45,2802,23.6,157.9,253,44,8,39.8,7.9,5,41.4
P0989,45,44,5546,30.4,148.2,603,128,5,36.3,5.3,10,90.0
P0990,35,32,50,43.8,140.2,5,1,5,35.4,9.5,10,30.0
P0991,36,33,1828,44.6,105.2,166,91,8,34.6,6.8,12,30.7
P0992,14,13,50,40.6,117.7,5,1,8,38.3,6.5,14,30.0
P0993,29,26,1717,42.5,132.8,158,89,6,25.3,7.1,8,36.4
P0994,20,20,367,40.6,136.7,30,12,3,18.2,8.9,18,30.0
P0995,19,18,1590,30.2,114.7,176,55,7,29.6,9.6,15,30.0
P0996,49,49,440,39.9,178.4,39,8,8,22.5,7.5,12,32.9
P0997,47,47,50,43.2,162.3,4,2,7,20.6,8.4,14,30.0
P0998,15,15,339,42.8,145.8,30,8,10,23.2,7.4,11,30.0
P0999,17,17,50,46.7,136.3,5,2,13,48.9,6.4,5,30.0
P1000,32,31,2300,42.4,131.2,252,118,9,30.1,8.9,14,47.4
